cust_id,first_name,last_name,phone,address,city,state
1,Francoise,Rautenstrauch,519-569-8399,2335 Canton Hwy #6,Windsor,ON
2,Kendra,Loud,506-363-1526,6 Arch St #9757,Alcida,NB
3,Lourdes,Bauswell,613-903-7043,9547 Belmont Rd #21,Belleville,ON
4,Hannah,Edmison,604-334-3686,73 Pittsford Victor Rd,Vancouver,BC
5,Tom,Loeza,514-487-6096,447 Commercial St Se,LIle-Perrot,QC
6,Queenie,Kramarczyk,306-421-5793,47 Garfield Ave,Swift Current,SK
7,Hui,Portaro,506-827-7755,3 Mill Rd,Baker Brook,NB
8,Josefa,Opitz,519-788-7645,136 W Grand Ave #3,Delhi,ON
9,Lea,Steinhaus,905-618-8258,80 Maplewood Dr #34,Bradford,ON
10,Paola,Vielma,905-456-1117,58 Hancock St,Aurora,ON
11,Hortencia,Bresser,902-256-6791,808 Calle De Industrias,New Waterford,NS
12,Leanna,Tijerina,416-719-2114,2859 Dorsett Rd,North York,ON
13,Danilo,Pride,403-212-4945,6857 Wall St,Red Deer,AB
14,Huey,Marcille,780-639-3619,169 Journal Sq,Edmonton,AB
15,Apolonia,Warne,506-978-1488,3 E 31st St #77,Fredericton,NB
16,Chandra,Lagos,416-716-6446,7 N Dean St,Etobicoke,ON
17,Crissy,Pacholec,705-477-2307,85 S State St,Barrie,ON
18,Gianna,Branin,403-337-7162,100 Main St,Calgary,AB
19,Valentin,Billa,306-291-5073,6185 Bohn St #72,Pangman,SK
20,Ilona,Dudash,819-536-7034,2 Sutton Pl S #5727,Rouyn-Noranda,QC
21,Willard,Lablanc,780-384-5410,1534 Sidco Dr,Leduc,AB
22,Lauryn,Randol,604-236-4625,4207 Leon Rd,North Vancouver,BC
23,Laurena,Begin,519-790-8660,7564 N Academy Ave,London,ON
24,Elise,Michelle,905-652-4509,88 E Saint Elmo Rd,Hamilton,ON
25,Corrie,Kardell,514-203-7817,75 Westchester Ave,Pierrefonds,QC
26,Kimberely,Rabuse,519-912-5533,89 W 35th St #1,Windsor,ON
27,Tish,Violett,450-840-7605,1 Norris Ave #4095,Laval,QC
28,Hollis,Stanfield,780-574-5620,5174 Interstate 45 N,Yellowhead County,AB
29,Andree,Christmann,519-872-6826,765 Rock Island Rd,Strathroy,ON
30,Lyla,Fucillo,902-844-1174,7979 33  191,North River,NS
31,Felton,Yafuso,613-749-1169,202 Madison Ave,Ottawa,ON
32,Dell,Polino,819-255-1725,56 Corporate Dr,Becancour,QC
33,Nohemi,Leko,705-838-9265,37 Us Highway 12e E #6,Sault Ste. Marie,ON
34,Tambra,Lembke,250-353-7479,6734 W Jackson Blvd,Salmon Arm,BC
35,Vicki,Maikoksoong,604-231-6180,7 Tomahawk Dr,Richmond,BC
36,Renato,Airhart,403-444-2250,1 Vernon Blvd,Calgary,AB
37,Lenita,Darbro,250-749-4517,2726 Franklin Hill Rd,Vernon,BC
38,Barney,Hagen,450-526-5424,6335 Fort Myer Dr,Saint-Hyacinthe,QC
39,Matthew,Armacost,705-417-7221,220 Old Us Highway 441,Peterborough,ON
40,Belen,Nelton,250-768-5812,77 Central Pky N,Quesnel,BC
41,Iesha,Wardle,416-989-2001,781 Alabama Ave,Etobicoke,ON
42,Francesco,Sarchet,306-524-4509,22 Dearborn St,Regina,SK
43,Paulene,Rhule,418-348-2107,21 E 64th Ave,Matane,QC
44,Carole,Hughlett,604-262-8556,9 N Central Ave,Abbotsford,BC
45,Miss,Dunning,306-508-8874,38 Douglas Rd E #39,Regina,SK
46,Elfrieda,Hinsch,250-454-9384,4929 Sidney St #8276,Vernon,BC
47,Edelmira,Calzado,306-611-7185,4936 Walcott Rd,Regina,SK
48,Jaime,Wasurick,450-531-8633,6760 E Fayette St #9,Saint-Damien,QC
49,Lera,Hua,506-556-4300,6638 S Webster St #491,Miramichi,NB
50,Jame,Mastro,519-920-7003,4465 James St,Kitchener,ON
51,Jillian,Hailstone,905-864-2257,8721 Everett Rd,Mississauga,ON
52,Louis,Zarling,418-568-3216,6 E Kingsbridge Rd,Stoneham-Et-Tewkesbury,QC
53,Emmett,Mcshaw,705-581-1220,920 Union Blvd,Sault Ste. Marie,ON
54,Tammy,Sams,250-226-1002,5 Secaucus Rd,Nanaimo,BC
55,Willis,Wylie,418-833-1949,646 9th St,Saint-Raymond,QC
56,Maxima,Brzozowski,905-569-6732,864 Aupuni St,St Catharines,ON
57,Boris,Latif,418-459-4884,9390 Fortin Dr,Quebec,QC
58,Salina,Knavel,613-280-7170,4 Newark St,Arnprior,ON
59,Justa,Dini,250-982-9377,8 J St,Vernon,BC
60,Amalia,Wolfgang,519-219-3608,394 Dice Rd #861,Windsor,ON
61,Felix,Tutterrow,519-426-7161,92 W 39th St #9990,London,ON
62,Eura,Mcglocklin,306-979-2571,9 N Monroe St,Lloydminster,SK
63,Lang,Heuring,519-985-7311,2 Global Rd,Cambridge,ON
64,Agustin,Lakatos,819-365-5394,23 E Wacker Dr #64,Becancour,QC
65,Jaime,Lowrance,204-438-6204,1 Nw 167th St,Winnipeg,MB
66,Carman,Gudiel,709-366-8943,1 Frontage Rd,St. Johns,NL
67,Argelia,Hofbauer,604-823-2881,5 Columbia,North Vancouver,BC
68,Mammie,Cisney,514-205-4258,14 E 30th St,Montreal,QC
69,Rashad,Menino,613-697-2555,8 Commercial Ave,Carleton Place,ON
70,Janna,Bastain,604-575-7837,41 Drive  Hwy 54s S,Vancouver,BC
71,Callie,Neikirk,905-465-6909,6601 Park Ave #9924,Mississauga,ON
72,Coral,Helmcamp,416-589-6075,4184 E 142nd St,Toronto,ON
73,Xenia,Mushero,613-714-1829,1 El Camino Ave #39,Kingston,ON
74,Adelle,Nitcher,905-998-3758,10 Midway Dr,Thorold,ON
75,Hildegarde,Wehrwein,604-960-7463,2 Cottman Ave,West Vancouver,BC
76,Phuong,Sugai,450-501-4406,8926 E 119th St #9,Lavaltrie,QC
77,Leontine,Lafoy,418-271-8667,191 Richland St #5,Quebec,QC
78,Darell,Mcalarney,905-846-7737,8 E 92nd St,Ajax,ON
79,Madonna,Landman,250-307-7698,283 Andover St,Castlegar,BC
80,Chuck,Berggren,709-534-6576,764 Louisville Plac,St. Johns,NL
81,Gregg,Epperheimer,514-302-4158,59 W Jackson Blvd #11,Lasalle,QC
82,Yan,Bubrig,506-493-4894,712 N 5th St,Grand Manan,NB
83,Stephanie,Garlett,613-557-7338,6 L St #1761,Kanata,ON
84,Alberto,Stenquist,905-435-9456,6126 E 14th St #6,St Catharines,ON
85,Wayne,Shivers,418-374-1965,865 Ponce De Leon Blvd,Chicoutimi,QC
86,Kristal,Bothe,709-976-5766,896 Pershing Ave,Paradise,NL
87,Florencia,Stadel,519-961-7871,178 Riverdale Rd,Ingersoll,ON
88,Darrin,Tumolillo,306-748-5721,4 Pedretti Ave #2,Saskatoon,SK
89,Freeman,Rudig,450-347-6388,4 W Sedgley Ave,Otterburn Park,QC
90,Lazaro,Mollison,450-356-6427,31 E Middlefield Rd #8555,Beloeil,QC
91,Ellsworth,Rieg,613-862-4724,7662 Us Highway 46 #9003,Napanee,ON
92,Brinda,Mrkvicka,506-392-8334,1 Park Ave,Newbridge,NB
93,Florinda,Mackedanz,506-230-8075,2782 Midland Ave,Dieppe,NB
94,Nadine,Swartzbeck,450-353-2331,3 Federal Blvd,Beloeil,QC
95,Arlette,Torchio,514-459-6883,485 Rolling Rd,Lasalle,QC
96,Adolph,Krivanec,416-736-1436,6605 Federal St,Etobicoke,ON
97,Georgiana,Colbath,450-409-1254,505 E 9mile Rd,Sainte-Therese,QC
98,Rana,Lehn,905-286-8285,32 Rocklyn Ave,Milton,ON
99,Chi,Morgan,418-922-5578,2953 5th Ave #27,Saint-Raymond,QC
100,Starr,Prothro,418-811-3750,133 Us Highway 206,Chicoutimi,QC
101,Glennis,Roseum,204-514-9319,1 Pershing Ave,Brandon,MB
102,Thea,Petermeier,418-360-6739,402 Santa Isabel Ave,Sept-Iles,QC
103,Rosalind,Persechino,613-975-5760,86 Shady Run Rd,Kanata,ON
104,Shenika,Tapian,613-219-1869,4 Collier Rd Nw,Ottawa,ON
105,Veta,Vandeberg,506-996-1241,940 E Jefferson Ave,Juniper,NB
106,Herschel,Geneseo,416-786-7887,7753 W 8th,Toronto,ON
107,Dianne,Tomasic,902-938-6891,53 6  17 M At Bradleys,Dartmouth,NS
108,Micah,Gerten,709-581-5842,103 Madison Ave,St. Johns,NL
109,Kaycee,Alaibilla,604-992-6045,8788 E 64th Ave,Vancouver,BC
110,Tesha,Brang,514-432-5290,831 Vanowen St #5,Montreal,QC
111,Marya,Chhour,403-382-4146,661 Pitkin Ave,Calgary,AB
112,Ronnie,Kettelle,902-367-7042,3 Avenue Rt 295 #199,Halifax,NS
113,Mabel,Fower,418-339-7473,709 W Waters Ave,Chicoutimi,QC
114,Harley,Works,519-913-7772,27 Spring St,Woodstock,ON
115,Joye,Nedman,306-991-3698,9 Court St,Regina,SK
116,Luisa,Harnish,604-399-1449,82 Westminster Blvd,Vancouver,BC
117,Stacey,Lortz,416-310-1610,5039 Coffee Rd,Scarborough,ON
118,Reyes,Mesmer,905-402-9203,9 E Thayer Ave #3,Hamilton,ON
119,Avery,Demus,604-548-4412,1 Highland Ave,Maple Ridge,BC
120,Colby,Scotts,705-668-5094,7 E 1st St,Barrie,ON
121,Afton,Wrinkle,613-851-7883,652 5th Ave,Ottawa,ON
122,India,Sifford,416-866-6707,162 Sunrise Plz,Toronto,ON
123,Brunilda,Coin,506-327-7460,300 Congers Rd #77,Saint-Paul,NB
124,Jenifer,Emanuel,250-947-2063,78 152nd Ave #4179,Duncan,BC
125,Makeda,Nosis,416-827-4082,956 Sierra Ave,Toronto,ON
126,Vivan,Oppy,306-325-3090,4696 Alewa Dr,Swift Current,SK
127,Eric,Gazzola,418-274-7373,732 Congress St,Saint-Georges,QC
128,Thersa,Davirro,250-540-5275,863 E Mcdowell Rd,Kamloops,BC
129,Mindy,Presnal,604-213-8721,82 Us Highway 111,Vancouver,BC
130,Luis,Metzner,819-860-8913,8868 S Arroyo Pkwy #996,Trois-Rivieres,QC
131,Dawne,Mcloud,905-760-9649,25 Keystone Xing,Stoney Creek,ON
132,Karrie,Kinikini,250-384-7658,491 Main St #893,Kamloops,BC
133,Mozelle,Hermon,506-573-3112,523 Spencerville Ct,Mount Pisgah,NB
134,Mila,Hair,514-945-2978,515 S Main St,Saint-Leonard,QC
135,Gilma,Jefferys,902-804-8543,147 E Centre St,Halifax,NS
136,Armanda,Mcduffie,450-866-7181,989 Wyatt Dr #7,Cowansville,QC
137,Vonda,Normandeau,450-706-3809,9891 Main St,Mirabel,QC
138,Truman,Mondale,705-757-7389,1657 N Green St,Peterborough,ON
139,Elvis,Tenuta,403-415-1285,6437 Date Palm Dr,Calgary,AB
140,Loise,Dedaj,306-964-9291,1062 Rd,Saskatoon,SK
141,Jannette,Pedder,604-953-5335,73 Madison Ave,Vancouver,BC
142,Margo,Rand,905-781-3868,344 Lyndon St,Concord,ON
143,Dahlia,Benett,418-344-9993,3986 Home Life,Alma,QC
144,Dominga,Mckeon,819-627-1581,68 Dd N #1,Trois-Rivieres,QC
145,Hollis,Keomuangtai,905-928-5294,27 7th St,Keswick,ON
146,Carry,Ziller,519-847-8783,8 Maynesboro St,Strathroy,ON
147,Bong,Fears,514-308-1992,7 State St #1,Pierrefonds,QC
148,Yolande,Staiano,613-700-7712,21 N 14th St,Orleans,ON
149,Lottie,Hegdahl,905-638-1034,45 W 21st St,Unionville,ON
150,Jose,Kylish,514-211-3774,93 Law Dr,Pierrefonds,QC
151,Tuyet,Abramovitz,905-790-7938,976 Cozycroft Ave,Richmond Hill,ON
152,Pearline,Provenzano,905-734-9102,611 S 2nd St,Concord,ON
153,Robt,Hankison,418-874-8104,3780 Ronson Rd,Quebec,QC
154,Shawnee,Kesten,902-208-1038,5 W Irving Park Rd,Big Ridge,NS
155,Lacresha,Quinones,450-213-1080,48 Bernardo Cent,Vaudreuil-Dorion,QC
156,Basilia,Vinroe,418-386-6120,45 S Wells Ave,Quebec,QC
157,Aleisha,Areizaga,418-408-1640,960 Deming Way,Quebec,QC
158,Frank,Tryninewski,306-653-1772,462 2nd St,Prince Albert,SK
159,Ria,Steinhorst,418-319-1374,269 Commercial Dr,Jonquiere,QC
160,Carla,Kallenberger,519-646-7797,8 Commercial Blvd #9,Hanover,ON
161,Lashanda,Skahan,506-497-2698,739 Stockton Ave,Gray Rapids,NB
162,Jarod,Catalina,705-369-2146,60 Sunrise Ave,North Bay,ON
163,Leoma,Rabago,250-810-7815,575 Washington St,Nanaimo,BC
164,Yasuko,Greeves,250-891-6910,4634 Anania Dr,Vernon,BC
165,Jimmie,Snelling,905-772-1416,24 Sw Bridgeport Rd,Oakville,ON
166,Titus,Dugre,819-983-1846,419 N Dixboro Rd #8,Gatineau,QC
167,Joanne,Teoh,905-219-6895,1 W Sierra Madre Blvd #9985,St Catharines,ON
168,Suzi,Groom,604-700-2946,9 W Jackson Blvd,Surrey,BC
169,Denny,Amazan,604-239-4105,4974 Rockburn Hill Rd #3,Surrey,BC
170,Willie,Coughlan,819-869-6389,8545 S Westshore Blvd,Cantley,QC
171,Margurite,Brake,519-476-5983,258 S Ash Ave,Amherstburg,ON
172,Arlen,Romack,506-218-3036,1 W Green Bay St,Saint John,NB
173,Shaniqua,Corna,416-573-9093,8 Sylvan Ave,North York,ON
174,William,Boccard,514-606-4631,9 Clove Rd,Pointe-aux-Trembles,QC
175,Silva,Riviere,514-319-4125,10 Canal St,Pierrefonds,QC
176,Gearldine,Haberle,403-810-3712,62 N 3rd St,Calgary,AB
177,Azalee,Aja,450-515-9694,2607 Market St,Chateauguay,QC
178,Kimbery,Plikerd,250-504-9388,62 15th Ave #63,Duncan,BC
179,Ricarda,Kratt,902-614-2197,1 Clairemont Mesa Blvd,New Glasgow,NS
180,Macy,Massay,204-656-8450,6 N Water St,Dauphin,MB
181,Carol,Normington,418-540-2207,1 S Kresson St,Alma,QC
182,Blythe,Czaplinski,403-775-4053,4 S 4th St,Calgary,AB
183,Tanesha,Tesseneer,416-568-3388,326 Witherspoon St,Etobicoke,ON
184,Yaeko,Orndoff,519-625-4433,66 Hoffman St,St Thomas,ON
185,Broderick,Lorenz,306-285-1574,185 Davis St,Saskatoon,SK
186,Twila,Shadle,250-862-6746,20 Simpson Ferry Rd,Victoria,BC
187,Sarina,Pead,905-696-6221,7821 16th St Nw,Ajax,ON
188,Candra,Peets,705-799-1235,9 Pulaski Park Dr #7,North Bay,ON
189,Von,Aprigliano,604-986-3233,63 Baronne St,Port Moody,BC
190,Natalya,Verso,519-736-9305,74 Chestnut St,Kitchener,ON
191,Stanton,Rigazio,416-801-7398,4 Smith St #5,North York,ON
192,Dona,Larner,416-884-9104,4298 E Drinker St,York,ON
193,Cortney,Choice,450-339-6016,80 S 33rd Pl,Greenfield Park,QC
194,Ira,Betterton,902-240-7029,935 S Padre Island Dr,Halifax,NS
195,Vanna,Pickle,905-309-4565,3 B Main #117,Newmarket,ON
196,Bo,Sabota,204-210-4967,779 Moore St,Winnipeg,MB
197,Nathalie,Corners,705-736-4801,14 Van Buren St,Peterborough,ON
198,Rodney,Lockamy,613-273-5773,7 N Us Highway 67 #96,Ottawa,ON
199,Elena,Hairr,709-399-4807,31 Mechanic St #9839,Stephenville,NL
200,Blossom,Kraatz,416-631-1863,881 Route 38,North York,ON
201,Loreen,Griepentrog,613-684-4467,6 Monard Dr,Orleans,ON
202,Tayna,Keirnan,705-655-5936,18 Cowesett Ave,Barrie,ON
203,Nieves,Planty,705-616-5386,684 Albion Rd,Peterborough,ON
204,Glenn,Robinault,514-330-5479,8700 S Jefferson Rd #676,Lachine,QC
205,Julianna,Racer,506-752-6097,4407 Chestnut Ridge Dr,Saint John,NB
206,Ashton,Nitchals,905-725-6769,13 Midway Pl,Oakville,ON
207,Shaun,Scovil,905-907-6615,253 Hamilton Ave #1684,Pickering,ON
208,Long,Shintaku,450-771-5010,8 W 41st Ave,Blainville,QC
209,Vinnie,Meir,416-862-7028,559 Bridge Plz,Etobicoke,ON
210,Lucia,Flipp,416-870-8070,196 Touhy Ave,Scarborough,ON
211,Corazon,Ivaska,306-333-8933,6 W Lincoln Ave,Saskatoon,SK
212,Jaime,Perugini,514-950-4495,7071 E 7th St #56,Verdun,QC
213,Miriam,Stakes,905-441-5009,784 Packerland Dr,Burlington,ON
214,Vallie,Nigl,604-848-3170,7823 N 36th Ave,North Vancouver,BC
215,Sheldon,Isachsen,902-330-7314,35 Milnor St,Valley,NS
216,Nickie,Balonek,604-556-1080,7 Saint Nicholas Ave,North Vancouver,BC
217,Fletcher,Caneles,905-992-1637,87 Spencerville Ct #2,Hamilton,ON
218,Rutha,Eisert,905-468-2503,87 W 32nd St,Niagara Falls,ON
219,Brandon,Geigel,604-940-9313,70 W Main St,Vancouver,BC
220,Franchesca,Lamme,902-715-9684,3208 W Touhy Ave,Charlottetown,PE
221,Lorriane,Naddeo,250-544-1482,7 Airway Cir,Duncan,BC
222,Asuncion,Berson,204-318-1929,54 Whitaker Way,Reinfeld,MB
223,Georgiann,Hoerter,819-632-2869,4945 Progress Dr,Grand-Mere,QC
224,Hershel,Bultron,519-844-4835,658 W 30th St,London,ON
225,Chu,Collopy,819-677-1206,8 E 9mile Rd #697,Trois-Rivieres,QC
226,Bettina,Vosmus,604-752-9256,7 Ryan Industrial Ct,Vancouver,BC
227,Lynsey,Sport,604-525-6939,7 Mccrea St,Chilliwack,BC
228,Phil,Kuechler,418-940-4070,7 Mcwhorter Rd,Jonquiere,QC
229,Cordelia,Nicks,905-975-4308,572 Simpson St,Georgetown,ON
230,Georgeanna,Marrano,905-366-7378,3493 Camino Ruiz,Hamilton,ON
231,Rosendo,Lanter,306-700-6743,2052 E Semoran Blvd,Regina,SK
232,Jerilyn,Norcia,519-978-7661,9 Main St,Hanover,ON
233,Elfriede,Bakeley,506-404-8558,538 Fayetteville Street Mall,Grand-Sault/Grand Falls,NB
234,Harris,Sheck,514-257-9319,9875 Sheafe Rd,Montreal,QC
235,Leonor,Beilinson,613-338-5158,269 Distribution Way,Orleans,ON
236,Terrilyn,Waska,819-670-6020,6 E Miraloma Ave,Gatineau,QC
237,Maddie,Foulds,514-874-9519,56 N Wood Ave #25,Montreal,QC
238,Melynda,Anstead,450-470-3593,3 Lee Dr #8435,Longueuil,QC
239,Odette,Thigpen,709-744-4165,1831 Everett Rd,Corner Brook,NL
240,Steffanie,Meinen,514-964-9106,801 W Belmont Ave,Montreal,QC
241,Antonette,Stimac,519-670-5269,61 N Westshore Blvd,Kitchener,ON
242,Thora,Daneker,819-648-4049,6 Old York Rd,Gatineau,QC
243,Nada,Massanet,604-570-1494,80 Sw End Blvd,Surrey,BC
244,Ivette,Dills,902-244-5318,7585 Calle De Industrias,Reserve Mines,NS
245,Devon,Delacerda,250-525-4631,250 University Ave #9,Comox,BC
246,Lon,Tibbles,905-233-1845,78 Eastway Dr,Mississauga,ON
247,Tennie,Santanna,819-261-5496,196 Waterman Ave #1,Trois-Rivieres,QC
248,Fidelia,Vilven,416-892-4321,9 Meridian St,Scarborough,ON
249,Michal,Gunyan,418-399-6819,9514 Mount Vernon Ave,Quebec,QC
250,Enola,Yandow,902-539-1621,7 Sw 5th Ave,Dartmouth,NS
251,Meghann,Mamudoski,902-348-8759,7675 N Solano Dr,Hebbville,NS
252,Latanya,Mattia,204-649-9481,8229 S Washington Ave,Portage la Prairie,MB
253,Chandra,Firlik,905-451-3719,686 S Dupont Hwy,Oshawa,ON
254,Barney,Dewer,902-287-1148,88 Norris Ave #2,Bedford,NS
255,Ocie,Chreene,613-756-9548,72 W Hampden Ave,Orleans,ON
256,Precious,Dubray,705-607-6992,846 Middletown Blvd #427,Orillia,ON
257,Sanda,Laramie,250-700-8923,5181 N Alma School Rd,Dawson Creek,BC
258,Gaynell,Benavente,807-284-2501,71 W Indian School Rd,Thunder Bay,ON
259,Bethanie,Cutsforth,519-328-4250,5 Victory Ave,Cambridge,ON
260,Yvette,Capiga,403-919-6456,33 Broadway St #8539,Big Valley,AB
261,Alana,Blackmon,416-386-8947,96 Hook Rd,Scarborough,ON
262,Lakeesha,Beachel,604-352-7502,1 Sw 72nd Ave,Chilliwack,BC
263,Ailene,Friedman,506-907-7068,479 Commerce Park,Enterprise,NB
264,Valene,Madson,418-646-3844,42 Main St,Alma,QC
265,Floyd,Bub,416-557-9767,4701 N Cocoa Blvd,Toronto,ON
266,Josue,Hatherly,416-337-2239,755 135th St,Etobicoke,ON
267,Johnathon,Wadden,705-646-2781,4714 S Main St,Peterborough,ON
268,Kenneth,Drizin,819-999-6396,2 Scott Blvd,Amos,QC
269,Leila,Titzer,403-733-8035,9 Constitution Ave,Calgary,AB
270,Marquetta,Quinlisk,514-950-3156,2965 Lake Lizzie Dr,Mont-Royal,QC
271,Annamae,Beliles,604-877-2244,8939 Merrill Field Dr,Burnaby,BC
272,An,Dosal,819-324-8832,8 Leoole St #3,Drummondville,QC
273,Karina,Cortesi,450-252-9611,901 Broughton Ave #7,Saint-Bruno,QC
274,Otis,Luong,519-739-4515,263 L St #1255,Simcoe,ON
275,Brendan,Kasperek,604-947-9315,84 L St #98,Coquitlam,BC
276,Keith,Evartt,506-229-5393,973 El Camino Real,Derby Junction,NB
277,Paulina,Arand,204-636-8766,5652 Wisconsin Ave,Winnipeg,MB
278,Cherelle,Welschmeyer,519-322-9933,2 Ramona Ave #6,Guelph,ON
279,Percy,Neelon,418-537-1430,901 Highway 74,Rimouski,QC
280,Margot,Storrs,905-309-5010,237 S French Ave,Woodbridge,ON
281,Paris,Bellis,519-909-5933,89 Parade St,Woodstock,ON
282,Sina,Masiejczyk,416-369-7013,3067 W Wabansia Ave,Etobicoke,ON
283,Kimi,Selfe,418-795-3880,2 W Kellogg Dr #5,Jonquiere,QC
284,Chun,Richrdson,306-245-2534,3 Aiea Heights #660,Regina,SK
285,Lelia,Thiemann,250-671-3851,440 Town Center Dr,Kamloops,BC
286,Cordell,Zinda,819-508-6057,91 Argyle Rd,Sherbrooke,QC
287,Dorothy,Aitken,905-554-3838,4 Hanover Pike,Mississauga,ON
288,Chauncey,Mcelreath,613-908-7090,615 Main St #3722,Vanier,ON
289,Tenesha,Stropko,506-629-6209,648 Waihona St #1152,Cardigan,NB
290,Anjelica,Lovero,902-386-1443,689 S Steele St #1887,Amherst,NS
291,Olga,Adessa,905-775-6413,8507 Upland St,Burlington,ON
292,Monte,Tindal,450-637-6499,577 Page Ave,Laval,QC
293,Pamela,Mccoskey,450-282-1236,6 West St #2,Terrebonne,QC
294,Toshia,Lippoldt,418-759-7863,7 Duluth St,Stoneham-Et-Tewkesbury,QC
295,Polly,Sandusky,905-705-6018,39 Logan Ave #9518,Hamilton,ON
296,Judy,Boerboom,709-560-7848,384 N Main St,Paradise,NL
297,Celestine,Pritt,613-875-3120,79 E 92nd St,Ottawa,ON
298,Murray,Fode,514-921-5562,59 W Century Rd,Pointe-Claire,QC
299,Shoshana,Courter,519-396-2906,8763 N Front St,Windsor,ON
300,Glendora,Pezley,780-508-2609,2 80e E #7867,Edmonton,AB
301,Carlene,Kana,519-930-5055,541 N 88th Ave,Brantford,ON
302,Adria,Gilliam,905-563-9396,60 15th Ave,Hamilton,ON
303,Paola,Perkins,780-573-8903,3951 Seaway Dr,Grande Prairie,AB
304,Elina,Maury,416-582-4379,2097 N Stonestreet Ave,North York,ON
305,Emile,Dorio,450-529-3773,264 Jefferson Hwy #83,Saint-Bruno,QC
306,Zoila,Lannigan,416-322-9207,40 N Dean St,York,ON
307,Yong,Yestramski,519-344-3979,365 Zebra Pl,Brantford,ON
308,Leontine,Stalma,519-641-7145,859 Franquette Ave,Simcoe,ON
309,Troy,Dicus,613-938-7999,58 Calle Arroyo,Trenton,ON
310,Annamaria,Vanhuss,905-495-3301,8348 1st Ave W,Dundas,ON
311,Dorothea,Lowther,705-793-4986,2763 Fort Campbell Blvd #7554,Sudbury,ON
312,Marion,Letran,819-966-7240,5670 Leonis Blvd,Gatineau,QC
313,Avery,Masso,902-588-8947,6 Central Ave #664,Amherst,NS
314,Trinidad,Bredernitz,514-561-2312,75 N Washington Ave,Lasalle,QC
315,Herminia,Penso,780-740-5294,880 W South Water Market,Fort McMurray,AB
316,Val,Bigaud,514-726-2573,42 N 16th St #620,Montreal,QC
317,Renay,Oviedo,416-336-6767,873 E Cumberland St,North York,ON
318,Buck,Kotow,807-668-2676,863 Mcgilchrist St Se,Thunder Bay,ON
319,Toi,Rollison,450-714-2875,2 S Church St,Terrebonne,QC
320,Shanice,Pennel,613-850-3405,31 N Canal St,Kingston,ON
321,Oliva,Ramerez,403-690-1059,8688 Manning Blvd #547,Calgary,AB
322,Tamera,Crocker,780-833-7024,652 Pacific Hwy,Edmonton,AB
323,Melvin,Rather,819-418-3496,8794 34th Ave,Drummondville,QC
324,Essie,Fitzke,506-785-2719,9 3rd St,Welshpool,NB
325,Shay,Knieper,450-806-3050,571 Maiden Ln #7,Brossard,QC
326,Ruby,Sensibaugh,604-553-2468,637 Wright Rd,Coquitlam,BC
327,Caren,Doscher,403-344-3614,1770 Mission Ave,Calgary,AB
328,Frank,Amend,519-823-9369,2583 Lincoln Blvd,Cambridge,ON
329,Lasandra,Frisinger,604-210-7413,1 Highway 71 S,Abbotsford,BC
330,Sommer,Frere,450-777-9643,1309 Pitney Rd,Saint-Hubert,QC
331,Gretchen,Mckeon,250-617-7197,809 W Bayshore Rd,Trail,BC
332,Providencia,Marien,613-256-5226,83 Magnavox Way,Ottawa,ON
333,Lindsey,Arnoldi,250-387-4636,87 Via Contenta,West Kelowna,BC
334,Romana,Riesgraf,506-310-3728,986 Whitaker Way,Moncton,NB
335,Nobuko,Logwood,519-739-4745,612 York St,Sarnia,ON
336,Shawnna,Arredondo,613-996-1062,4 N Brand Blvd,Orleans,ON
337,Doyle,Hathcox,250-227-4140,48 Market St,Prince George,BC
338,Jacinta,Deppen,250-203-5054,1458 W Henry St,Nelson,BC
339,Tawanna,Kuamoo,418-734-9693,380 Main St,Matane,QC
340,Christa,Cloutier,403-461-2407,743 Wolfert Ave,Calgary,AB
341,Noe,Kotz,250-901-1245,3878 Little John Way,Salt Spring Island,BC
342,Ellen,Fajen,780-720-7927,32 Marguerite Pky,Edmonton,AB
343,Tequila,Pelletier,905-692-6934,6173 Landmeier Rd,Richmond Hill,ON
344,Tawny,Bonventre,604-632-4346,5 Middletown Blvd,Richmond,BC
345,Rosalyn,Mcspedon,613-362-7798,449 Oakwood Ave,Kingston,ON
346,Noble,Miyata,519-346-6651,7059 E Kilbourn Ave #252,Tillsonburg,ON
347,Lucille,Hubbell,250-904-7361,8 General Dr,Nanaimo,BC
348,Azzie,Tuazon,905-208-4039,5518 Whippany Rd,Oakville,ON
349,Darci,Arau,819-294-4679,2 Hill Rd,Trois-Rivieres,QC
350,King,Suman,418-470-4541,79 Lexington Ave #83,Chicoutimi,QC
351,Denny,Zeanah,514-224-2722,339 W 1st St,Montreal,QC
352,Anissa,Frayer,604-925-4225,7635 Run Subdivision,Surrey,BC
353,Rosann,Heinricher,450-474-6397,91 Nw 52nd Ave,Mirabel,QC
354,Jeannine,Rippy,902-811-1450,7767 W Central Ave #2,Truro,NS
355,Lashaun,Casteneda,780-751-5370,894 Feather River Blvd,Edmonton,AB
356,Miesha,Walen,705-646-4992,2 Executive Blvd,Espanola,ON
357,Marva,Kountz,416-494-3939,1 N Main St #16,Etobicoke,ON
358,Dion,Lamastus,418-212-6756,44 S Highland Dr,Albanel,QC
359,Hassie,Sarkin,902-210-1513,958 Airline Dr,Valley,NS
360,Jin,Perry,416-463-6411,18 Cameron St,Etobicoke,ON
361,Demetra,Peth,819-858-7901,79 E Jackson St,Sherbrooke,QC
362,Irene,Benauides,506-251-3150,45 19th St,Lyttleton,NB
363,Colton,Pesqueira,905-796-8265,305 Industrial Blvd,Oakville,ON
364,William,Cilento,403-251-6126,1434 Ash St,Trochu,AB
365,Shannan,Cupit,416-266-5891,6 S San Marcos Rd,North York,ON
366,Shelba,Kast,902-654-7334,56 Washington Rd,Halifax,NS
367,Dorcas,Diebold,905-860-8703,8899 E Slauson Ave,Mississauga,ON
368,Rochell,Wetherby,418-362-9768,142 E 57th Ave #2,Amqui,QC
369,Amber,Windell,604-864-2113,41 Augusta Hwy,Richmond,BC
370,Stefanie,Prinkey,604-833-9067,985 Joyce St,Surrey,BC
371,Kenia,Sharples,403-341-7208,611 Grand Ave,Calgary,AB
372,Jacquline,Libbey,418-682-7368,647 S Rainbow Blvd Bldg #4577,Cap-aux-Meules,QC
373,Lavina,Michelet,514-842-3549,2719 N Delaware St,Anjou,QC
374,Billi,Kazar,604-458-2387,71 Linden Ave,Surrey,BC
375,Aron,Leuthold,604-637-3549,9 Park St,Chilliwack,BC
376,Annice,Tartar,819-342-1651,430 State Route 10 #7548,Sherbrooke,QC
377,Hyun,Zarazua,519-287-4120,8718 N 13th Ave,Chatham,ON
378,Shala,Ogle,418-823-9061,4956 Midway Rd #65,Fatima,QC
379,Shasta,Canonico,705-531-2796,71 West Ave,Sault Ste. Marie,ON
380,Wenona,Braseth,450-751-1928,7 Ramon Rd,Beloeil,QC
381,Marla,Gallati,514-872-9323,922 Railroad Ave #7063,Lachine,QC
382,Myra,Palenik,418-930-7475,5661 Harding St,Montmagny,QC
383,Lawanda,Jacocks,250-226-8113,92 A Glenneyre Ave,Cranbrook,BC
384,Curt,Kohlman,306-739-3437,5 Westbranch Dr #36,Saskatoon,SK
385,Susy,Finstad,403-571-8756,6 N Town East Blvd,Calgary,AB
386,Kathrine,Kaper,902-500-1564,100 Rombouts Ave,Halifax,NS
387,Oneida,Pospishil,819-511-9240,5 E King St #6,Victoriaville,QC
388,Allene,Perera,416-681-6822,7167 Bethlehem Pike #80,Etobicoke,ON
389,Leonardo,Leahman,403-328-5056,80 Wisconsin Ave,Calgary,AB
390,Nakisha,Russi,403-513-9660,8265 W Camelback Rd,Lethbridge,AB
391,Stephanie,Rolling,306-510-5011,45 S Cedar Ridge Dr,Lloydminster,SK
392,Florinda,Haycock,819-820-6568,6096 N Michigan Ave,Gatineau,QC
393,Merri,Geberth,204-894-9221,4 Beaverbrook Rd,Winnipeg,MB
394,Malcom,Vereen,519-334-1058,548 Midland Ave,Windsor,ON
395,Louvenia,Abney,306-256-9309,6 Friendship Dr #5055,Prince Albert,SK
396,Alita,Borlace,807-289-5397,5 S Gage St #6175,Kenora,ON
397,Noemi,Ill,705-414-4712,18 Nw 6th St,Sault Ste. Marie,ON
398,Nydia,Ancar,780-924-8022,5 Pittsford Victor Rd,Edmonton,AB
399,Hana,Meisel,403-696-7108,6 E Rand Rd #73,Calgary,AB
400,Noel,Marrazzo,780-447-2249,91 E Cary St,Camrose,AB
401,Brice,Rowe,613-631-9322,5 New Circle Rd Ne,Belleville,ON
402,Nguyet,Kitchens,403-883-4097,68 Nw Raleigh St #88,Red Deer,AB
403,Janae,Mair,905-501-5086,8 S Mcmullen Dr #38,Ajax,ON
404,Darrel,Makley,506-839-5378,6 N Volusia Ave #2,Baie-Sainte-Anne,NB
405,Genevieve,Milionis,705-467-4142,5 Cedar St,Sault Ste. Marie,ON
406,Giovanna,Bacho,604-203-8085,71 S Newtown St,North Vancouver,BC
407,Shelton,Spannuth,204-364-5889,4 Bloomfield Ave #5,Brandon,MB
408,Alison,Mahlum,613-862-3122,841 N Monroe St,Belleville,ON
409,Maynard,Zufall,604-875-7745,5094 Poway Rd,Vancouver,BC
410,Timothy,Bussert,416-521-5624,43 Winnetka Ave,Toronto,ON
411,Viola,Eddens,506-772-3108,51 S Hulen St,Grand Manan,NB
412,Luann,Michon,514-578-7262,5 Goddard Rd,Montreal,QC
413,Mable,Goerke,416-867-5879,7 Woodbridge Ave,Toronto,ON
414,Sabine,Kaea,905-586-1138,48 Lower Ragsdale Dr #1349,Brampton,ON
415,Dolores,Moltz,506-216-2028,80 S Beckley St,Fredericton,NB
416,Hannah,Suero,905-543-3967,3314 Hawthorne St,Oakville,ON
417,Sonia,Blan,709-512-6346,924 W Saint Mary Blvd,Deer Lake,NL
418,Cletus,Stapels,780-674-7330,9713 Wilbur Ave #163,Edmonton,AB
419,Asha,Zoldak,418-470-9730,4 Gray Ave,Saint-Stanislas,QC
420,Verlene,Billow,905-486-5455,8528 A Park Rd,Brampton,ON
421,Yesenia,Giglio,506-858-9797,1262 W 19th St,Janeville,NB
422,Tayna,Sine,905-334-8817,99 Garfield Ave #370,Burlington,ON
423,Verona,Jobst,514-842-7487,9041 Grand Plaza Plac,Montreal,QC
424,Denae,Eggers,204-341-2445,475 S Figueroa St,Winnipeg,MB
425,Rikki,Montalgo,514-472-6857,7 Lagrange St #10,Montreal,QC
426,Nan,Weekly,519-928-8049,16 Ridge Center,London,ON
427,Sherell,Despain,604-344-4458,66 62nd St #30,Surrey,BC
428,Coral,Brennick,450-480-7421,15 Ludlow Ave #156,Boucherville,QC
429,Phyliss,Huelse,403-540-2604,672 Neil Armstrong St #59,Lethbridge,AB
430,Jesse,Wida,905-356-4735,1 E Gabilan St,Burlington,ON
431,Latonia,Helander,905-723-5674,6325 Statesville Rd,Brampton,ON
432,Aimee,Clozza,613-804-8102,7 N Wacker Dr #42,Ottawa,ON
433,Marcelle,Staie,905-817-1934,76 N Harlem Ave,Stoney Creek,ON
434,Ilda,Schuring,780-830-2958,80 Ringwood Ave #7,St. Albert,AB
435,Aileen,Klukken,416-390-4510,8 Wilfong Ln,North York,ON
436,Davida,Zeng,450-375-8192,8881 Hopkins St,Sainte-Sophie,QC
437,Beata,Rubarts,250-808-6765,19 Torresdale Ave #58,Victoria,BC
438,Angelyn,Wieand,905-838-3914,79 Craig Rd,Brampton,ON
439,Claudio,Hummell,403-481-8843,432 Eastman Ave,Calgary,AB
440,Krystal,Twyman,416-712-8230,9 Garcia Ave #38,Scarborough,ON
441,Adela,Echegoyen,604-571-8392,128 W Kellogg Dr,Burnaby,BC
442,Ryan,Phibbs,306-621-2626,7827 Commercial St Se #37,Regina,SK
443,Edmond,Buettner,450-829-7834,67 N Washington Ave #960,Saint-Eustache,QC
444,Catina,Emmert,807-652-2563,19 Distribution Way,Thunder Bay,ON
445,Milly,Pattengale,780-799-6418,20 Fort Campbell Blvd #4792,Wetaskiwin,AB
446,Jules,Erichsen,905-929-8054,1 Parkfair Dr #1219,Mississauga,ON
447,Denna,Miklitz,450-409-1005,1736 Us Highway 19n N #6,Saint-Jean-sur-Richelieu,QC
448,Willetta,Cesa,902-981-7382,578 E Us Highway 36 #3,Membertou,NS
449,Johna,Magathan,780-994-6272,1724 W Dodge Rd,Edmonton,AB
450,Ollie,Oliverson,416-762-4001,1 W 8th,Etobicoke,ON
451,Sherly,Vitrano,902-480-3185,8 Cochise Trl,Sydney,NS
452,Kindra,Dishong,613-510-3295,4 Sutton Ln,Nepean,ON
453,Vanda,Tentler,250-605-3501,7 Shetland Ct,Kimberley,BC
454,Marshall,Fitgerald,403-918-5509,526 Main St,Calgary,AB
455,Kelvin,Hasha,780-227-7373,18 Duluth St,Edmonton,AB
456,Darrin,Mathiasen,450-536-7426,35 Peconic Ave #4,Boucherville,QC
457,Susana,Mccarley,519-491-9261,7 S Quebec,Windsor,ON
458,Wilson,Nickelson,416-376-7867,74 Se 3rd Ave #1494,North York,ON
459,Malissa,Talty,506-724-2777,3 Bush St,Saint John,NB
460,Tandra,Castillanos,905-715-9339,629 105th Ave,Hamilton,ON
461,Lorean,Sammon,306-854-5060,58 Executive Dr,Regina,SK
462,Desirae,Oien,403-405-2804,200 W Bijou St #6013,Calgary,AB
463,Delsie,Cerao,506-795-5209,2 Us Highway 206,English Settlement,NB
464,Mabel,Elmquist,204-285-3978,8570 E 8th St,Winnipeg,MB
465,Marnie,Purslow,204-904-1386,3068 N Interstate 35,Winnipeg,MB
466,Rene,Granier,403-438-9257,4241 Tapp St,Calgary,AB
467,Trevor,Harnist,902-782-2576,99 Hart St,Dartmouth,NS
468,Sharmaine,Batdorf,506-839-1630,1822 Guilford Rd,Saint-Basile,NB
469,Ricki,Traux,514-657-1920,995 Concord Rd,Montreal,QC
470,Bernadine,Shufelt,705-693-2982,3 Main St,Sudbury,ON
471,Shad,Reider,780-953-3852,7995 Douglas Rd E #6,Lloydminster,AB
472,Kenneth,Degennaro,506-763-6456,965 Bryant St,St Martins,NB
473,Marleen,Hennon,604-545-3662,2863 Brooklyn Terminal Mkt,Abbotsford,BC
474,Joaquin,Geitner,403-640-8755,6410 E State Hwy,Calgary,AB
475,Slyvia,Stockham,418-913-7998,4895 Country Club Rd,Quebec,QC
476,Kris,Bala,905-848-5458,43 Gateway Blvd,Brampton,ON
477,Gussie,Diflorio,613-857-7922,881 South St #4,Trenton,ON
478,Lavelle,Lillywhite,418-442-4179,5 S Taylor Ave,La Malbaie,QC
479,Bev,Dermo,604-880-6351,6059 Alewa Dr,Surrey,BC
480,Bette,Digiovanni,519-882-6434,345 Broadway St,London,ON
481,Lajuana,Mccloud,450-272-6370,7 W Pine St,Saint-Thomas,QC
482,Shakira,Westervelt,604-991-8721,5470 N Lamar Blvd #542,North Vancouver,BC
483,Matt,Nickolich,306-891-2346,103 E Main St #59,Regina,SK
484,Clemencia,Momplaisir,514-804-3533,698 N Allen Rd,Montreal,QC
485,Oliva,Ambert,506-672-7328,1 Broadway St,Dawson Settlement,NB
486,Ranee,Maye,450-700-5970,5361 N 500 W #3065,Les Cedres,QC
487,Ming,Eskew,250-228-6798,4153 Broughton Ave,Victoria,BC
488,Annice,Peckens,250-727-7309,5 Falls Rd,Victoria,BC
489,Effie,Frymark,519-433-4142,51 3rd Ave,London,ON
490,Maricela,Conger,604-568-1899,865 N Port Ave,Coquitlam,BC
491,Esteban,Plantenberg,604-519-9547,78 E River,Surrey,BC
492,Doretha,Wykle,807-383-4855,5106 N Laurel Park Dr,Kenora,ON
493,Dorsey,Neitzke,902-936-9426,9768 A Aven #112,Truro,NS
494,Amie,Okuniewski,613-686-9039,24 Venice Rd,Pembroke,ON
495,Bulah,Berkoff,519-309-5863,2497 Pennsylvania Ave,Strathroy,ON
496,Erin,Delbosque,450-316-7813,357 W Mount Royal Ave,Longueuil,QC
497,Kassandra,Marushia,250-646-6446,123 Euclid Ave #9396,Nanaimo,BC
498,Leslee,Matsuno,418-460-5773,1251 E Main St #990,Quebec,QC
499,Daniel,Dobler,506-617-2607,259 W 17th St #39,Beresford,NB
500,Antonio,Unruh,604-624-7690,9 Route 38,Port Coquitlam,BC
